mouse,plane,stage,step,is_last,cells,tile,area_p99,area_max,bloated,torn,rim_area_p99,core_area_p99,iou_cell_dense,match_dense,offset_dense,partners_dense,iou_cell_rigid,match_rigid,offset_rigid,partners_rigid,flipped
CIM130,0,baseline,0,False,528,,1.0,1.0,0.0,4.545454545454546,1.0,1.0,0.03380261046898295,13.257575757575758,11.89594150825267,0.9810606060606061,0.03380261046898295,13.257575757575758,11.89594150825267,0.9810606060606061,0.0
CIM130,0,global,1,False,528,,1.0,1.0,0.0,4.734848484848484,1.0,1.0,0.13625693555271018,30.113636363636363,9.23921108231971,1.1571969696969697,0.13625693555271018,30.113636363636363,9.288152322315032,1.1590909090909092,0.2597402597402597
CIM130,0,affine,2,False,528,,1.0,1.0,0.0,5.303030303030303,1.0,1.0,0.19482582227824347,38.06818181818182,7.453570172151966,1.2443181818181819,0.1935227327802329,38.06818181818182,7.540769098095453,1.259469696969697,0.0
CIM130,0,tile_500,3,False,528,500.0,1.0666477272727273,1.1368421052631579,0.0,5.681818181818182,1.0273235781050598,1.0575933825318304,0.218524531024531,38.82575757575758,7.487106463803258,1.2291666666666667,0.22226459847341007,38.446969696969695,7.521127976493853,1.2443181818181819,0.7692307692307693
CIM130,0,tile_200,4,False,528,200.0,1.119129417125813,1.180952380952381,0.0,6.25,1.0544959128065394,1.1186488060570765,0.2564946018893387,43.371212121212125,6.8805620544996415,1.3333333333333333,0.25675172285341774,44.50757575757576,6.912216008286739,1.3333333333333333,0.966183574879227
CIM130,0,tile_100,5,True,528,100.0,1.2571101774042959,1.3778409090909092,0.0,8.522727272727272,1.1861714868136068,1.2949450549450547,0.3148279840073326,51.13636363636363,5.923879314984392,1.3863636363636365,0.31685114906177525,51.13636363636363,5.902693127409941,1.4034090909090908,1.8561484918793503
CIM130,1,baseline,0,False,686,,1.0,1.0,0.0,4.373177842565598,1.0,1.0,0.05727233491583945,12.82798833819242,12.63357867239493,1.1807580174927115,0.05727233491583945,12.82798833819242,12.63357867239493,1.1807580174927115,0.0
CIM130,1,global,1,False,686,,1.0,1.0,0.0,4.373177842565598,1.0,1.0,0.1861197938666892,36.734693877551024,7.696814195228793,1.271137026239067,0.1861197938666892,36.734693877551024,7.696814195228793,1.271137026239067,0.0
CIM130,1,affine,2,False,686,,1.0465771372420571,1.0604026845637584,0.0,4.518950437317784,1.0460873113015097,1.0463272258922265,0.19314922649052668,38.19241982507289,7.385513999287287,1.271137026239067,0.1941502280983357,38.33819241982507,7.376228843802707,1.2653061224489797,0.38022813688212925
CIM130,1,tile_500,3,False,686,500.0,1.052114390021296,1.1166666666666667,0.0,4.518950437317784,1.056658536585366,1.052485549132948,0.22764290901545803,42.12827988338192,6.868627321851186,1.2886297376093294,0.2278708167148349,42.12827988338192,6.792356323207212,1.284256559766764,0.3780718336483932
CIM130,1,tile_200,4,False,686,200.0,1.1657738876185477,1.4825581395348837,0.0,5.247813411078718,1.2944220183486244,1.1037871607065919,0.2712195311287067,46.647230320699705,6.164278399528024,1.3746355685131195,0.2661690348182284,46.79300291545189,6.147824184239138,1.370262390670554,0.9174311926605505
CIM130,1,tile_100,5,True,686,100.0,1.2824118904752047,1.505813953488372,0.1457725947521866,7.580174927113703,1.3087492524399091,1.1913092935957228,0.2908872377622378,48.10495626822158,6.408100081869889,1.4052478134110786,0.29069824134726796,48.68804664723032,6.208213709120572,1.3921282798833818,1.9434628975265018
CIM130,2,baseline,0,False,642,,1.0,1.0,0.0,4.672897196261682,1.0,1.0,0.044565455185336666,13.862928348909657,12.087087318198208,1.1230529595015577,0.044565455185336666,13.862928348909657,12.087087318198208,1.1230529595015577,0.0
CIM130,2,global,1,False,642,,1.0,1.0,0.0,4.517133956386292,1.0,1.0,0.13444463236226797,28.037383177570092,8.606764661666217,1.2461059190031152,0.13444463236226797,28.19314641744548,8.606764661666217,1.2461059190031152,0.0
CIM130,2,affine,2,False,642,,1.0350885225885227,1.0526315789473684,0.0,5.14018691588785,1.0375108225108225,1.0314415322580646,0.11183391003460208,32.242990654205606,7.497168734060606,1.0934579439252337,0.11299990551106702,32.398753894081,7.579295237515589,1.0919003115264798,0.0
CIM130,2,tile_500,3,False,642,500.0,1.0862643243243246,1.1228070175438596,0.0,5.607476635514018,1.082012647535557,1.089693333333333,0.1336182336182336,37.22741433021807,6.73038650301331,1.102803738317757,0.13542317980734425,36.60436137071651,6.709941103402366,1.088785046728972,0.4662004662004662
CIM130,2,tile_200,4,False,642,200.0,1.1615753534382636,1.2037037037037037,0.0,7.320872274143301,1.1669381038774735,1.1423108560275113,0.22365084853199643,43.30218068535825,6.174989867297387,1.1993769470404985,0.22595704948646123,42.679127725856695,6.08949189545058,1.1947040498442367,1.059322033898305
CIM130,2,tile_100,5,True,642,100.0,1.2714005516395956,2.191096634093377,0.6230529595015576,8.878504672897195,1.2186963636363637,1.1903186770369703,0.303016467929513,50.31152647975078,5.194177257835894,1.3566978193146417,0.29849284755980693,49.84423676012461,5.082480575393337,1.3364485981308412,0.591715976331361
CIM130,3,baseline,0,False,442,,1.0,1.0,0.0,4.072398190045249,1.0,1.0,0.05109054120222357,12.217194570135746,12.649968428984781,1.1153846153846154,0.05109054120222357,12.217194570135746,12.649968428984781,1.1153846153846154,0.0
CIM130,3,global,1,False,442,,1.0,1.0,0.0,4.072398190045249,1.0,1.0,0.09447851472256058,23.076923076923077,10.053416297523071,1.1764705882352942,0.09447851472256058,23.076923076923077,10.053416297523071,1.1764705882352942,0.0
CIM130,3,affine,2,False,442,,1.0534432234432234,1.0729166666666667,0.0,5.88235294117647,1.049478570017776,1.0510989010989011,0.1503624029029354,35.294117647058826,7.112580464325543,1.1199095022624435,0.14448762773667861,34.38914027149321,7.066209391420636,1.1131221719457014,1.7006802721088436
CIM130,3,tile_500,3,False,442,500.0,1.0534432234432234,1.0729166666666667,0.0,5.88235294117647,1.049478570017776,1.0510989010989011,0.1503624029029354,35.294117647058826,7.112580464325543,1.1199095022624435,0.14448762773667861,34.38914027149321,7.066209391420636,1.1131221719457014,1.7006802721088436
CIM130,3,tile_200,4,False,442,200.0,1.1746532767562468,1.2219917012448134,0.0,8.144796380090497,1.1833796137110066,1.1077781372588669,0.24587359098228664,45.248868778280546,5.987761655961638,1.2828054298642535,0.24636479591836735,44.79638009049774,5.935087944396969,1.2805429864253393,1.1661807580174928
CIM130,3,tile_100,5,True,442,100.0,1.2843542437174016,1.4647435897435896,0.0,9.049773755656108,1.288588164712299,1.2136056274788596,0.29440269831782084,48.86877828054298,5.756305006942427,1.3733031674208145,0.29378221649484537,49.321266968325794,5.7973796472442265,1.3846153846153846,1.10803324099723
CIM131,0,baseline,0,False,645,,1.0,1.0,0.0,1.3953488372093024,1.0,1.0,0.06875,12.713178294573643,9.335869398865624,1.1472868217054264,0.06875,12.713178294573643,9.335869398865624,1.1472868217054264,0.0
CIM131,0,global,1,False,645,,1.0,1.0,0.0,1.2403100775193798,1.0,1.0,0.16025641025641027,28.217054263565895,7.142440970514211,1.4573643410852712,0.16044776119402984,28.217054263565895,7.142440970514211,1.4604651162790698,0.0
CIM131,0,affine,2,False,645,,1.075576923076923,1.1071428571428572,0.0,2.4806201550387597,1.0863175675675674,1.061957597996389,0.18006430868167203,30.85271317829457,6.760639127527555,1.4,0.17765042979942694,30.85271317829457,6.683515725170032,1.3844961240310079,0.7952286282306162
CIM131,0,tile_500,3,False,645,500.0,1.105987920621225,1.1818181818181819,0.0,2.7906976744186047,1.127037337662338,1.0936228683597105,0.21306818181818182,36.12403100775194,5.957073862163315,1.4542635658914729,0.21212121212121213,36.27906976744186,5.956502767609637,1.4449612403100776,0.9940357852882704
CIM131,0,tile_200,4,False,645,200.0,1.427353658536584,1.7321428571428572,0.46511627906976744,4.961240310077519,1.5695990965556166,1.158211111111111,0.2691131498470948,44.031007751937985,5.313997366915128,1.4697674418604652,0.2623456790123457,44.651162790697676,5.355221155049443,1.455813953488372,1.7307692307692308
CIM131,0,tile_100,5,True,645,100.0,1.7882316805616376,2.4545454545454546,2.4806201550387597,7.751937984496124,2.268608695652174,1.2592522100381625,0.3179347826086957,52.86821705426357,4.766279826326954,1.496124031007752,0.3152454780361757,52.24806201550387,4.764825634866625,1.4573643410852712,1.6605166051660518
CIM131,1,baseline,0,False,1076,,1.0,1.0,0.0,1.3940520446096654,1.0,1.0,0.09309551455726142,15.79925650557621,9.307899549041075,1.2425650557620818,0.09309551455726142,15.79925650557621,9.307899549041075,1.2425650557620818,0.0
CIM131,1,global,1,False,1076,,1.0,1.0,0.0,1.3011152416356877,1.0,1.0,0.21125431343940343,35.78066914498142,6.931198393095216,1.5947955390334572,0.21125431343940343,35.78066914498142,6.944716297277751,1.600371747211896,0.0
CIM131,1,affine,2,False,1076,,1.0686654604979755,1.105263157894737,0.0,1.486988847583643,1.067399562564752,1.0616111696522657,0.2303253473495498,35.87360594795539,6.265042740230243,1.6152416356877324,0.23393643368189324,35.78066914498142,6.232175037589717,1.6013011152416357,0.32397408207343414
CIM131,1,tile_500,3,False,1076,500.0,1.0920371325425478,1.180722891566265,0.0,1.858736059479554,1.1050667714061273,1.0913825396825396,0.2599225384642717,42.193308550185876,5.836279912993833,1.653345724907063,0.25880325348410455,42.193308550185876,5.8400982801500305,1.6366171003717471,0.966702470461869
CIM131,1,tile_200,4,False,1076,200.0,1.1390512845496767,1.2461538461538462,0.0,3.5315985130111525,1.1270963855421687,1.1381943767795857,0.3385423017001964,57.43494423791822,4.61800187205476,1.6802973977695168,0.3370630648591175,57.71375464684015,4.605501502812629,1.6514869888475836,0.41279669762641896
CIM131,1,tile_100,5,True,1076,100.0,1.2026799841772151,1.2820512820512822,0.0,5.111524163568773,1.1763888207141981,1.1855987158908508,0.3836290364787774,66.635687732342,3.877195314734844,1.7258364312267658,0.3863697621861458,66.82156133828995,3.9842602528663216,1.686802973977695,1.1156186612576064
CIM131,2,baseline,0,False,1094,,1.0,1.0,0.0,2.376599634369287,1.0,1.0,0.24585076516569415,41.86471663619744,6.240692627119649,1.4862888482632541,0.24585076516569415,41.86471663619744,6.240692627119649,1.4862888482632541,0.0
CIM131,2,global,1,False,1094,,1.0,1.0,0.0,2.376599634369287,1.0,1.0,0.2773651396042288,46.16087751371115,5.782387630848169,1.5612431444241317,0.2775109392490078,46.16087751371115,5.782387630848169,1.5621572212065813,0.0
CIM131,2,affine,2,False,1094,,1.0108023945806857,1.0170454545454546,0.0,3.656307129798903,1.012070323488045,1.010685713209537,0.2716230924206285,45.52102376599635,5.86268788303683,1.5923217550274222,0.27136136712749614,45.3382084095064,5.845261357714367,1.5978062157221207,0.10319917440660474
CIM131,2,tile_500,3,False,1094,500.0,1.0108023945806857,1.0170454545454546,0.0,3.656307129798903,1.012070323488045,1.010685713209537,0.2716230924206285,45.52102376599635,5.86268788303683,1.5923217550274222,0.27136136712749614,45.3382084095064,5.845261357714367,1.5978062157221207,0.10319917440660474
CIM131,2,tile_200,4,False,1094,200.0,1.1099158336020636,1.1757188498402555,0.0,4.844606946983546,1.1072926207391638,1.1080068058675832,0.33295107033639143,55.667276051188296,4.824446289890112,1.6270566727605118,0.3360015368852459,55.575868372943326,4.835553202295412,1.6206581352833638,0.5128205128205128
CIM131,2,tile_100,5,True,1094,100.0,1.1937083333333331,1.296875,0.0,5.941499085923217,1.1541729475932432,1.190717881782584,0.37326736412735584,61.700182815356484,4.295938443736305,1.6352833638025595,0.3715867027334852,61.06032906764168,4.245939600000008,1.6096892138939671,1.21580547112462
CIM131,3,baseline,0,False,929,,1.0,1.0,0.0,2.583423035522067,1.0,1.0,0.10403726708074534,16.03875134553283,9.069801135856224,1.3842841765339073,0.10403726708074534,16.03875134553283,9.069801135856224,1.3842841765339073,0.0
CIM131,3,global,1,False,929,,1.0,1.0,0.0,2.583423035522067,1.0,1.0,0.22815533980582525,38.85898815931109,6.540494543063369,1.488697524219591,0.22815533980582525,38.85898815931109,6.540494543063369,1.488697524219591,0.0
CIM131,3,affine,2,False,929,,1.0,1.0,0.0,2.906350914962325,1.0,1.0,0.27071823204419887,44.77933261571582,5.8740681719371475,1.4994617868675997,0.2736842105263158,45.31754574811625,5.866996065699681,1.5080731969860064,0.6165228113440198
CIM131,3,tile_500,3,False,929,500.0,1.039559326326453,1.1160714285714286,0.0,2.906350914962325,1.0191511387163559,1.0374140327772903,0.27450980392156865,45.532831001076424,5.7723757579941894,1.5091496232508073,0.27385892116182575,45.532831001076424,5.794494478930997,1.5177610333692142,0.7416563658838072
CIM131,3,tile_200,4,False,929,200.0,1.1428571428571428,1.1730769230769231,0.0,3.552206673842842,1.1342885375494072,1.114360248447205,0.32981530343007914,53.498385360602796,5.002303880833785,1.5877287405812701,0.3320610687022901,54.467168998923576,4.922313022898827,1.5898815931108718,1.079136690647482
CIM131,3,tile_100,5,True,929,100.0,1.1864534017736428,1.539568345323741,0.1076426264800861,5.382131324004305,1.2635314685314674,1.1820195029883613,0.36627906976744184,61.14101184068891,4.174085533680817,1.6372443487621098,0.3659305993690852,62.002152852529605,4.145411496887155,1.6415500538213132,1.4285714285714286
CIM132,0,baseline,0,False,812,,1.0,1.0,0.0,3.6945812807881775,1.0,1.0,0.12459784906700984,19.58128078817734,9.381946106652777,1.772167487684729,0.12459784906700984,19.58128078817734,9.381946106652777,1.772167487684729,0.0
CIM132,0,global,1,False,812,,1.0,1.0,0.0,3.6945812807881775,1.0,1.0,0.1652134354386231,25.738916256157633,7.959784697854625,1.9002463054187193,0.1652134354386231,25.738916256157633,7.959784697854625,1.9002463054187193,0.0
CIM132,0,affine,2,False,812,,1.0,1.0,0.0,4.064039408866995,1.0,1.0,0.1500352327841056,23.891625615763548,8.18111466617541,1.8251231527093597,0.14934407558948834,23.76847290640394,8.146718357980639,1.8509852216748768,0.9188361408882083
CIM132,0,tile_500,3,False,812,500.0,1.0658449074074074,1.1063829787234043,0.0,3.9408866995073892,1.0298253470667262,1.068516789913929,0.1617499668371483,26.72413793103448,8.11282576027493,1.9113300492610839,0.1626314723841391,26.970443349753694,8.081213320375069,1.9334975369458127,0.7575757575757576
CIM132,0,tile_200,4,False,812,200.0,1.1439055508203706,1.2421052631578948,0.0,3.8177339901477834,1.1697584541062802,1.0976142466475567,0.1973619470913355,28.817733990147783,7.51246564398078,1.8719211822660098,0.19634132738427218,29.1871921182266,7.642626666580867,1.8793103448275863,2.26928895612708
CIM132,0,tile_100,5,True,812,100.0,1.3727161200101703,1.6618705035971224,0.24630541871921183,4.1871921182266005,1.3733161512027492,1.1924510125889431,0.2311327295417558,35.467980295566505,6.897662373496047,2.065270935960591,0.23389830508474577,36.82266009852217,6.809753102860002,2.0480295566502464,3.361344537815126
CIM132,1,baseline,0,False,927,,1.0,1.0,0.0,2.912621359223301,1.0,1.0,0.16317991631799164,27.292340884573896,8.028934416511277,1.6386192017259977,0.16317991631799164,27.292340884573896,8.028934416511277,1.6386192017259977,0.0
CIM132,1,global,1,False,927,,1.0,1.0,0.0,2.912621359223301,1.0,1.0,0.20601851851851852,34.735706580366774,6.779810446829785,1.604099244875944,0.20601851851851852,34.735706580366774,6.779810446829785,1.604099244875944,0.0
CIM132,1,affine,2,False,927,,1.0,1.0,0.0,3.0204962243797198,1.0,1.0,0.19809069212410502,33.441208198489754,6.652012267431862,1.5663430420711975,0.19809069212410502,33.549083063646165,6.563674137899076,1.5717367853290183,0.8391608391608392
CIM132,1,tile_500,3,False,927,500.0,1.0,1.0,0.0,3.0204962243797198,1.0,1.0,0.19809069212410502,33.441208198489754,6.652012267431862,1.5663430420711975,0.19809069212410502,33.549083063646165,6.563674137899076,1.5717367853290183,0.8391608391608392
CIM132,1,tile_200,4,False,927,200.0,1.1242088060886213,1.208955223880597,0.0,3.0204962243797198,1.1238726846923568,1.1229272194081579,0.24613003095975233,41.963322545846815,5.964391882178775,1.6310679611650485,0.24596774193548387,42.07119741100323,6.033480777938907,1.633225458468177,1.74496644295302
CIM132,1,tile_100,5,True,927,100.0,1.2232158442430345,1.3172205438066464,0.0,3.559870550161812,1.2086653771760152,1.1879279464745236,0.27880184331797236,47.249190938511326,5.486552694973623,1.7400215749730312,0.2807017543859649,47.357065803667744,5.511320877822335,1.7270765911542612,2.207792207792208
CIM132,2,baseline,0,False,692,,1.0,1.0,0.0,2.312138728323699,1.0,1.0,0.11141386618225854,16.040462427745663,8.70050967130424,1.5534682080924855,0.11141386618225854,16.040462427745663,8.70050967130424,1.5534682080924855,0.0
CIM132,2,global,1,False,692,,1.0,1.0,0.0,2.312138728323699,1.0,1.0,0.23124146522603675,38.872832369942195,6.014502019032392,1.4971098265895955,0.23124146522603675,38.872832369942195,6.014502019032392,1.4971098265895955,0.0
CIM132,2,affine,2,False,692,,1.0,1.0,0.0,2.4566473988439306,1.0,1.0,0.20416685752675856,34.53757225433526,6.4192921405336705,1.4176300578034682,0.20421028315765158,34.2485549132948,6.424562467665901,1.4277456647398843,0.0
CIM132,2,tile_500,3,False,692,500.0,1.0828902765388047,1.1037037037037036,0.0,2.601156069364162,1.0808750000000005,1.0838893844781445,0.2332325125670955,39.30635838150289,6.167917338432025,1.510115606936416,0.2295089581950896,39.30635838150289,6.1773855006972695,1.5245664739884393,0.17825311942959002
CIM132,2,tile_200,4,False,692,200.0,1.1588243974422041,1.2330827067669172,0.0,2.4566473988439306,1.1274261603375528,1.1759798308734704,0.25101094861344203,41.18497109826589,5.81471619285278,1.4132947976878614,0.25413477310005467,41.61849710982659,5.851979242343244,1.4118497109826589,0.7168458781362007
CIM132,2,tile_100,5,True,692,100.0,1.209377990430622,1.3984962406015038,0.0,3.0346820809248554,1.1463795853269536,1.250274831243973,0.24788302363857548,42.34104046242775,5.331038425191151,1.3395953757225434,0.25121499516361145,42.48554913294797,5.448190649375643,1.3352601156069364,1.303538175046555
CIM132,3,baseline,0,False,656,,1.0,1.0,0.0,2.2865853658536586,1.0,1.0,0.13664223005255613,21.036585365853657,8.870015392445517,1.701219512195122,0.13664223005255613,21.036585365853657,8.870015392445517,1.701219512195122,0.0
CIM132,3,global,1,False,656,,1.0,1.0,0.0,2.2865853658536586,1.0,1.0,0.19323680442403596,30.03048780487805,7.342773714613988,1.6356707317073171,0.19323680442403596,30.03048780487805,7.342773714613988,1.6356707317073171,0.0
CIM132,3,affine,2,False,656,,1.0582013574660634,1.1219512195121952,0.0,2.2865853658536586,1.0589457601222307,1.0568213707501348,0.1725937183383992,32.6219512195122,7.117316592606178,1.486280487804878,0.1723716606033881,32.6219512195122,7.117316592606178,1.483231707317073,0.20964360587002098
CIM132,3,tile_500,3,False,656,500.0,1.0582013574660634,1.1219512195121952,0.0,2.2865853658536586,1.0589457601222307,1.0568213707501348,0.1725937183383992,32.6219512195122,7.117316592606178,1.486280487804878,0.1723716606033881,32.6219512195122,7.117316592606178,1.483231707317073,0.20964360587002098
CIM132,3,tile_200,4,False,656,200.0,1.2291652691598214,1.6621004566210045,0.3048780487804878,2.7439024390243905,1.3235294117647058,1.142136752136752,0.2164435200831925,37.80487804878049,6.728547652347685,1.521341463414634,0.22137537239324728,37.957317073170735,6.619379787944056,1.516768292682927,2.10727969348659
CIM132,3,tile_100,5,True,656,100.0,1.2957772450673062,1.6621004566210045,0.3048780487804878,3.353658536585366,1.3104201658990906,1.230487686773658,0.24307769135959878,42.68292682926829,5.963694600421201,1.4847560975609757,0.24281585466556566,41.920731707317074,6.05139111821419,1.4801829268292683,1.9342359767891684
CIM151,0,baseline,0,False,303,,1.0,1.0,0.0,4.62046204620462,1.0,1.0,0.0,11.55115511551155,10.618100835957852,0.9240924092409241,0.0,11.55115511551155,10.618100835957852,0.9240924092409241,0.0
CIM151,0,global,1,False,303,,1.0,1.0,0.0,4.62046204620462,1.0,1.0,0.1956521739130435,31.02310231023102,8.437464901720386,1.33003300330033,0.1956521739130435,31.02310231023102,8.437464901720386,1.33003300330033,0.0
CIM151,0,affine,2,False,303,,1.0,1.0,0.0,5.6105610561056105,1.0,1.0,0.21843003412969283,38.613861386138616,7.556762660515096,1.4158415841584158,0.21791044776119403,38.613861386138616,7.650597342601206,1.4191419141914192,0.0
CIM151,0,tile_500,3,False,303,500.0,1.0,1.0,0.0,5.6105610561056105,1.0,1.0,0.21843003412969283,38.613861386138616,7.556762660515096,1.4158415841584158,0.21791044776119403,38.613861386138616,7.650597342601206,1.4191419141914192,0.0
CIM151,0,tile_200,4,False,303,200.0,1.211649122807018,1.2335766423357664,0.0,7.590759075907591,1.222080291970803,1.1122454585952581,0.3544973544973545,55.44554455445545,5.060689323761379,1.4158415841584158,0.3522012578616352,56.10561056105611,5.024294661165328,1.4092409240924093,0.3875968992248062
CIM151,0,tile_100,5,True,303,100.0,1.4309751966122204,1.6818181818181819,0.33003300330033003,9.24092409240924,1.473769613471106,1.1323123520566205,0.40896358543417366,61.386138613861384,3.872487405605405,1.4653465346534653,0.40399002493765584,62.04620462046204,3.8785427626885474,1.4323432343234324,0.38461538461538464
CIM151,1,baseline,0,False,389,,1.0,1.0,0.0,5.655526992287918,1.0,1.0,0.09903846153846153,17.480719794344473,11.075544971847949,1.365038560411311,0.09903846153846153,17.480719794344473,11.075544971847949,1.365038560411311,0.0
CIM151,1,global,1,False,389,,1.0,1.0,0.0,5.655526992287918,1.0,1.0,0.30604982206405695,51.41388174807198,6.336725282086629,1.352185089974293,0.30604982206405695,51.41388174807198,6.336725282086629,1.352185089974293,0.0
CIM151,1,affine,2,False,389,,1.0,1.0,0.0,5.655526992287918,1.0,1.0,0.34375,54.75578406169666,4.8659173574163415,1.3547557840616966,0.34120171673819744,54.75578406169666,4.9303104205719555,1.3624678663239074,0.0
CIM151,1,tile_500,3,False,389,500.0,1.0,1.0,0.0,5.655526992287918,1.0,1.0,0.34375,54.75578406169666,4.8659173574163415,1.3547557840616966,0.34120171673819744,54.75578406169666,4.9303104205719555,1.3624678663239074,0.0
CIM151,1,tile_200,4,False,389,200.0,1.0684072398190045,1.0896057347670252,0.0,6.683804627249357,1.0680773249738766,1.0628288162614585,0.40486725663716816,60.411311053984576,3.909577807201137,1.4190231362467867,0.39655172413793105,59.89717223650386,3.9140112660863347,1.4215938303341902,0.3194888178913738
CIM151,1,tile_100,5,True,389,100.0,1.1158974358974358,1.1275862068965516,0.0,7.197943444730077,1.123322884012539,1.0914699060127726,0.4742268041237113,66.83804627249359,3.3117268818507712,1.4832904884318765,0.46981627296587924,67.09511568123393,3.4359368920183293,1.4730077120822622,0.6097560975609756
CIM151,2,baseline,0,False,329,,1.0,1.0,0.0,4.86322188449848,1.0,1.0,0.11208151382823872,20.972644376899694,12.204144336558432,1.7386018237082066,0.11208151382823872,20.972644376899694,12.204144336558432,1.7386018237082066,0.0
CIM151,2,global,1,False,329,,1.0,1.0,0.0,4.86322188449848,1.0,1.0,0.32745098039215687,53.49544072948328,6.486948989169557,1.6443768996960486,0.32745098039215687,53.49544072948328,6.486948989169557,1.6443768996960486,0.0
CIM151,2,affine,2,False,329,,1.0355966386554623,1.0451127819548873,0.0,5.167173252279635,1.0430705254757004,1.0335670955882352,0.39574468085106385,64.43768996960486,5.024940833047353,1.6990881458966565,0.3974121996303142,64.13373860182371,5.125216329135392,1.696048632218845,0.35714285714285715
CIM151,2,tile_500,3,False,329,500.0,1.0355966386554623,1.0451127819548873,0.0,5.167173252279635,1.0430705254757004,1.0335670955882352,0.39574468085106385,64.43768996960486,5.024940833047353,1.6990881458966565,0.3974121996303142,64.13373860182371,5.125216329135392,1.696048632218845,0.35714285714285715
CIM151,2,tile_200,4,False,329,200.0,1.0881132578281145,1.13,0.0,6.079027355623101,1.0385920107531397,1.088978947368421,0.4217391304347826,67.78115501519757,4.404020280104778,1.6990881458966565,0.42123893805309737,67.78115501519757,4.463546896602523,1.6930091185410334,1.048951048951049
CIM151,2,tile_100,5,True,329,100.0,1.1143932753623187,1.135,0.0,6.990881458966565,1.0778844289315492,1.116150323024055,0.45365853658536587,70.2127659574468,3.968192019966729,1.6930091185410334,0.45220030349013657,70.2127659574468,3.9747189582575593,1.6899696048632218,0.3472222222222222
CIM151,3,baseline,0,False,274,,1.0,1.0,0.0,3.64963503649635,1.0,1.0,0.08140948802471129,20.072992700729927,12.830174004633069,1.2883211678832116,0.08140948802471129,20.072992700729927,12.830174004633069,1.2883211678832116,0.0
CIM151,3,global,1,False,274,,1.0,1.0,0.0,3.64963503649635,1.0,1.0,0.27765825213424333,43.79562043795621,7.164585623094592,1.5218978102189782,0.27765825213424333,43.79562043795621,7.164585623094592,1.5218978102189782,0.0
CIM151,3,affine,2,False,274,,1.0126394632458435,1.0236220472440944,0.0,3.64963503649635,1.0107678729037952,1.014168889828046,0.3228982563060775,54.379562043795616,6.25083924313549,1.4087591240875912,0.3228982563060775,54.74452554744526,6.235095893227635,1.416058394160584,0.0
CIM151,3,tile_500,3,False,274,500.0,1.0506238279784972,1.06006006006006,0.0,3.64963503649635,1.0440900118436638,1.0505138142267783,0.3727930402930403,58.02919708029197,5.958846675611308,1.4781021897810218,0.37739463601532564,58.02919708029197,5.946155479020268,1.4817518248175183,0.0
CIM151,3,tile_200,4,False,274,200.0,1.0948024803677454,1.1288135593220339,0.0,4.744525547445255,1.0640828282828283,1.1070266301543832,0.45868217054263566,67.51824817518248,4.027298457343124,1.5036496350364963,0.4624919639987143,67.88321167883211,4.1189852957302895,1.4963503649635037,0.8163265306122449
CIM151,3,tile_100,5,True,274,100.0,1.1334414642569353,1.1681681681681682,0.0,5.839416058394161,1.0991407614727597,1.1550847774660284,0.4775026983270373,69.7080291970803,3.6289496984403895,1.5693430656934306,0.48249463799722436,70.43795620437956,3.6474067801832355,1.5437956204379562,0.7874015748031495
